Datetime,Water Level (m)
2025-06-01 12:00:00,0.8735238
2025-06-01 13:00:00,0.29878855
2025-06-01 14:00:00,-0.19630112
2025-06-01 15:00:00,-0.55482244
2025-06-01 16:00:00,-0.8008671
2025-06-01 17:00:00,-0.8731868
2025-06-01 18:00:00,-0.6275591
2025-06-01 19:00:00,-0.033250425
2025-06-01 20:00:00,0.5600684
2025-06-01 21:00:00,0.98268837
2025-06-01 22:00:00,1.2336328
2025-06-01 23:00:00,1.1826572
2025-06-02 00:00:00,0.77633005
2025-06-02 01:00:00,0.22431178
2025-06-02 02:00:00,-0.23703672
2025-06-02 03:00:00,-0.56076723
2025-06-02 04:00:00,-0.7371895
2025-06-02 05:00:00,-0.71183866
2025-06-02 06:00:00,-0.30547106
2025-06-02 07:00:00,0.3036196
2025-06-02 08:00:00,0.84837735
2025-06-02 09:00:00,1.246449
2025-06-02 10:00:00,1.4677454
2025-06-02 11:00:00,1.3715072
2025-06-02 12:00:00,1.0860684
2025-06-02 13:00:00,0.6306602
2025-06-02 14:00:00,0.14106959
2025-06-02 15:00:00,-0.25046182
2025-06-02 16:00:00,-0.54329693
2025-06-02 17:00:00,-0.72266215
2025-06-02 18:00:00,-0.7221956
2025-06-02 19:00:00,-0.37439454
2025-06-02 20:00:00,0.19289015
2025-06-02 21:00:00,0.7046659
2025-06-02 22:00:00,1.0159374
2025-06-02 23:00:00,1.1493181
2025-06-03 00:00:00,1.041695
2025-06-03 01:00:00,0.7034621
2025-06-03 02:00:00,0.276715
2025-06-03 03:00:00,-0.109116696
2025-06-03 04:00:00,-0.39456695
2025-06-03 05:00:00,-0.56245804
2025-06-03 06:00:00,-0.5545951
2025-06-03 07:00:00,-0.23169555
2025-06-03 08:00:00,0.326219
2025-06-03 09:00:00,0.8334807
2025-06-03 10:00:00,1.1807735
2025-06-03 11:00:00,1.3443314
2025-06-03 12:00:00,1.204757
2025-06-03 13:00:00,0.928335
2025-06-03 14:00:00,0.4803291
2025-06-03 15:00:00,0.06642077
2025-06-03 16:00:00,-0.24700435
2025-06-03 17:00:00,-0.48488295
2025-06-03 18:00:00,-0.62731487
2025-06-03 19:00:00,-0.59580123
2025-06-03 20:00:00,-0.29326004
2025-06-03 21:00:00,0.22394331
2025-06-03 22:00:00,0.7021549
2025-06-03 23:00:00,0.99983746
2025-06-04 00:00:00,1.1189277
2025-06-04 01:00:00,1.0070587
2025-06-04 02:00:00,0.6815336
2025-06-04 03:00:00,0.27966678
2025-06-04 04:00:00,-0.075530484
2025-06-04 05:00:00,-0.32707128
2025-06-04 06:00:00,-0.46359476
2025-06-04 07:00:00,-0.42650303
2025-06-04 08:00:00,-0.10904274
2025-06-04 09:00:00,0.37500143
2025-06-04 10:00:00,0.80099493
2025-06-04 11:00:00,1.0644541
2025-06-04 12:00:00,1.1750736
2025-06-04 13:00:00,1.0965859
2025-06-04 14:00:00,0.8017723
2025-06-04 15:00:00,0.41045025
2025-06-04 16:00:00,0.037177
2025-06-04 17:00:00,-0.29153422
2025-06-04 18:00:00,-0.5488857
2025-06-04 19:00:00,-0.70908344
2025-06-04 20:00:00,-0.70565957
2025-06-04 21:00:00,-0.38308865
2025-06-04 22:00:00,0.13408159
2025-06-04 23:00:00,0.6195176
2025-06-05 00:00:00,0.94627714
2025-06-05 01:00:00,1.1104096
2025-06-05 02:00:00,1.0367495
2025-06-05 03:00:00,0.72321194
2025-06-05 04:00:00,0.3139432
2025-06-05 05:00:00,-0.05240217
2025-06-05 06:00:00,-0.3245572
2025-06-05 07:00:00,-0.48600537
2025-06-05 08:00:00,-0.5086157
2025-06-05 09:00:00,-0.29915705
2025-06-05 10:00:00,0.13073334
2025-06-05 11:00:00,0.5983733
2025-06-05 12:00:00,0.9471818
2025-06-05 13:00:00,1.1221291
2025-06-05 14:00:00,1.0937761
2025-06-05 15:00:00,0.806624
2025-06-05 16:00:00,0.3643681
2025-06-05 17:00:00,-0.043161992
2025-06-05 18:00:00,-0.38336134
2025-06-05 19:00:00,-0.6458464
2025-06-05 20:00:00,-0.7981921
2025-06-05 21:00:00,-0.75981545
2025-06-05 22:00:00,-0.37345707
2025-06-05 23:00:00,0.18162052
2025-06-06 00:00:00,0.6872319
2025-06-06 01:00:00,1.0280976
2025-06-06 02:00:00,1.1986142
2025-06-06 03:00:00,1.1445175
2025-06-06 04:00:00,0.8483056
2025-06-06 05:00:00,0.41595003
2025-06-06 06:00:00,0.007370936
2025-06-06 07:00:00,-0.31414673
2025-06-06 08:00:00,-0.51988536
2025-06-06 09:00:00,-0.5653416
2025-06-06 10:00:00,-0.3675528
2025-06-06 11:00:00,0.0968073
2025-06-06 12:00:00,0.6080177
2025-06-06 13:00:00,0.974241
2025-06-06 14:00:00,1.1591903
2025-06-06 15:00:00,1.1136708
2025-06-06 16:00:00,0.7956135
2025-06-06 17:00:00,0.33182555
2025-06-06 18:00:00,-0.0974424
2025-06-06 19:00:00,-0.44814864
2025-06-06 20:00:00,-0.7095671
2025-06-06 21:00:00,-0.87428874
2025-06-06 22:00:00,-0.81726015
2025-06-06 23:00:00,-0.36959493
2025-06-07 00:00:00,0.25904623
2025-06-07 01:00:00,0.8277192
2025-06-07 02:00:00,1.2002927
2025-06-07 03:00:00,1.2947211
2025-06-07 04:00:00,1.1748079
2025-06-07 05:00:00,0.85167134
2025-06-07 06:00:00,0.3833807
2025-06-07 07:00:00,-0.038135827
2025-06-07 08:00:00,-0.3483473
2025-06-07 09:00:00,-0.5556161
2025-06-07 10:00:00,-0.6192958
2025-06-07 11:00:00,-0.41349113
2025-06-07 12:00:00,0.08735164
